scenario,full_dimension,target_dimension,n_subjects,specification,replications,n_components,local_target_rank,local_nullity,mean_squared_error_mean,mean_squared_error_se,mean_squared_error_lower95,mean_squared_error_upper95,mean_marginal_coverage_mean,mean_marginal_coverage_se,mean_marginal_coverage_lower95,mean_marginal_coverage_upper95,mean_target_variance_coverage_mean,mean_target_variance_coverage_se,mean_target_variance_coverage_lower95,mean_target_variance_coverage_upper95,mean_target_variance_sampling_coverage_mean,mean_target_variance_sampling_coverage_se,mean_target_variance_sampling_coverage_lower95,mean_target_variance_sampling_coverage_upper95,mean_target_variance_log_coverage_mean,mean_target_variance_log_coverage_se,mean_target_variance_log_coverage_lower95,mean_target_variance_log_coverage_upper95,mean_target_variance_relative_se_mean,mean_target_variance_relative_se_se,mean_target_variance_relative_se_lower95,mean_target_variance_relative_se_upper95,target_covariance_relative_error_mean,target_covariance_relative_error_se,target_covariance_relative_error_lower95,target_covariance_relative_error_upper95,runtime_seconds_mean,runtime_seconds_se,runtime_seconds_lower95,runtime_seconds_upper95
global_shared,12,1,30,source_all,50,12,1,11,0.003950835867066285,0.0007512860252177578,0.0024783152576394797,0.0054233564764930905,0.92,0.03875617133214439,0.844037904188997,0.995962095811003,0.5,0.07142857142857142,0.36,0.64,0.1,0.04285714285714286,0.016,0.184,0.2,0.05714285714285715,0.08800000000000001,0.312,0.22410581385346948,0.0016750390913681712,0.22082273723438786,0.2273888904725511,0.4415124430857212,0.012617266442549468,0.41678260085832425,0.4662422853131181,1.147271884,0.011155425319343767,1.1254072503740862,1.1691365176259139
global_shared,12,1,30,source_single,50,1,1,0,0.003929320583624247,0.0007440101302612579,0.0024710607283121816,0.005387580438936312,0.92,0.03875617133214439,0.844037904188997,0.995962095811003,0.7,0.06546536707079771,0.5716878805412364,0.8283121194587635,0.56,0.07091242083423346,0.42101165516490247,0.6989883448350976,0.56,0.07091242083423346,0.42101165516490247,0.6989883448350976,0.14863242642469573,0.0014314085582550558,0.14582686565051584,0.15143798719887563,0.23660120046016442,0.013848100962007361,0.20945892257463,0.26374347834569883,0.33032814,0.007994556426442142,0.3146588094041734,0.3459974705958266
global_shared,12,1,30,target_direct,50,1,1,0,0.003975920646664869,0.0007643118598700473,0.0024778694013195763,0.005473971892010162,0.92,0.03875617133214439,0.844037904188997,0.995962095811003,0.98,0.02,0.9408,1.0191999999999999,0.84,0.05237229365663817,0.7373503044329892,0.9426496955670107,0.84,0.05237229365663817,0.7373503044329892,0.9426496955670107,0.3065952433022508,0.002814682737197396,0.3010784651373439,0.3121120214671577,0.4169413694851711,0.015699472553440834,0.38617040328042707,0.4477123356899151,0.25312062999999996,0.003720333211788527,0.24582877690489444,0.26041248309510545
global_shared,12,2,30,source_all,50,12,2,10,0.0027137222580789684,0.0004774697212156269,0.0017778816044963395,0.003649562911661597,0.96,0.019378085666072194,0.9220189520944985,0.9979810479055015,0.49,0.050487420134492256,0.3910446565363952,0.5889553434636048,0.1,0.028571428571428574,0.044000000000000004,0.156,0.15,0.03571428571428571,0.08,0.21999999999999997,0.22380542489890634,0.001082406226867248,0.22168390869424653,0.22592694110356615,0.44622352819846145,0.008055010422308736,0.4304357077707363,0.4620113486261866,1.1430172760000001,0.0117970514252581,1.1198950552064943,1.166139496793506
global_shared,12,2,30,source_single,50,1,1,0,0.0027285551280908905,0.0004794144779764666,0.001788902751257016,0.003668207504924765,0.96,0.019378085666072194,0.9220189520944985,0.9979810479055015,0.74,0.06266203485560373,0.6171824116830167,0.8628175883169833,0.64,0.06857142857142857,0.5056,0.7744,0.66,0.0676726816132972,0.5273615440379376,0.7926384559620625,0.14591673026616586,0.0015982164605276542,0.14278422600353166,0.14904923452880006,0.21875362123448308,0.015733313795774733,0.18791632619476462,0.24959091627420155,0.330238924,0.0034281802000318304,0.3235196908079376,0.3369581571920624
global_shared,12,2,30,target_direct,50,2,2,0,0.0026744472988931957,0.0004669038056919263,0.0017593158397370204,0.003589578758049371,0.97,0.016963345838625597,0.9367518421562938,1.0032481578437062,0.97,0.016963345838625597,0.9367518421562938,1.0032481578437062,0.73,0.04335425972998148,0.6450256509292362,0.8149743490707637,0.76,0.04342481186734475,0.6748873687400043,0.8451126312599957,0.3100290948467778,0.0020547580678682,0.30600176903375614,0.3140564206597995,0.45053814385315377,0.011564484824504393,0.42787175359712515,0.4732045341091824,0.292543098,0.0031689375009009324,0.28633198049823416,0.29875421550176584
nuisance_heterogeneous,12,1,30,source_all,50,12,1,11,0.0027803240826137243,0.0005896021465219267,0.001624703875430748,0.003935944289796701,0.94,0.033926691677251195,0.8735036843125876,1.0064963156874123,0.84,0.05237229365663817,0.7373503044329892,0.9426496955670107,0.4,0.06998542122237651,0.2628285744041421,0.537171425595858,0.44,0.07091242083423346,0.3010116551649024,0.5789883448350976,0.2140963445814812,0.0016714098437405785,0.21082038128774966,0.21737230787521272,0.36764900597835976,0.011017297155725367,0.346055103553138,0.3892429084035815,1.209013364,0.01454258689163988,1.180509893692386,1.2375168343076142
nuisance_heterogeneous,12,1,30,source_single,50,1,1,0,0.002790102403316745,0.0006069648868101632,0.0016004512251688253,0.0039797535814646645,0.94,0.033926691677251195,0.8735036843125876,1.0064963156874123,0.1,0.04285714285714286,0.016,0.184,0.06,0.033926691677251195,-0.006496315687412338,0.12649631568741232,0.06,0.033926691677251195,-0.006496315687412338,0.12649631568741232,0.1691198819918659,0.002040189998388452,0.16512110959502452,0.17311865438870727,0.4904284852992868,0.022615581303432334,0.44610194594455943,0.5347550246540141,0.31090409399999996,0.0034912901791363544,0.3040611652488927,0.3177470227511072
nuisance_heterogeneous,12,1,30,target_direct,50,1,1,0,0.00281716676508719,0.0006014438819729345,0.0016383367564202385,0.003995996773754141,0.94,0.033926691677251195,0.8735036843125876,1.0064963156874123,0.98,0.02,0.9408,1.0191999999999999,0.76,0.0610118757258932,0.6404167235772493,0.8795832764227507,0.8,0.05714285714285715,0.6880000000000001,0.912,0.31057830015700927,0.0031335328693394386,0.30443657573310395,0.3167200245809146,0.4370068027733155,0.016397679992765667,0.4048673499874948,0.4691462555591362,0.241750536,0.0038684555791439926,0.23416836306487776,0.24933270893512222
nuisance_heterogeneous,12,2,30,source_all,50,12,2,10,0.002291860472999223,0.0003660465164816958,0.0015744093006950992,0.0030093116453033465,0.97,0.016963345838625597,0.9367518421562938,1.0032481578437062,0.8,0.047380354147934275,0.7071345058700489,0.8928654941299512,0.47,0.048255273583012966,0.3754196637772946,0.5645803362227054,0.52,0.05142857142857142,0.4192,0.6208,0.21300675952998038,0.0013137098154111944,0.21043188829177445,0.21558163076818632,0.3665648422094962,0.009435823311365686,0.34807062851921944,0.38505905589977296,1.220496218,0.015833856754441634,1.1894618587612944,1.2515305772387058
nuisance_heterogeneous,12,2,30,source_single,50,1,1,0,0.0022407381385699697,0.0003549417033736287,0.0015450523999576574,0.002936423877182282,0.97,0.016963345838625597,0.9367518421562938,1.0032481578437062,0.1,0.04285714285714286,0.016,0.184,0.06,0.033926691677251195,-0.006496315687412338,0.12649631568741232,0.08,0.03875617133214439,0.004037904188997007,0.155962095811003,0.16979298446226726,0.0020048684898078214,0.16586344222224392,0.1737225267022906,0.5090804582980621,0.022733464655495434,0.4645228675732911,0.5536380490228332,0.308116582,0.002876585501805477,0.3024784744164613,0.31375468958353875
nuisance_heterogeneous,12,2,30,target_direct,50,2,2,0,0.002295339874068855,0.00036715957037836795,0.0015757071161272538,0.0030149726320104564,0.97,0.016963345838625597,0.9367518421562938,1.0032481578437062,0.94,0.02321153829895989,0.8945053849340385,0.9854946150659614,0.79,0.043070895519089526,0.7055810447825845,0.8744189552174155,0.79,0.043070895519089526,0.7055810447825845,0.8744189552174155,0.30877797362722526,0.002634483253163093,0.3036143864510256,0.3139415608034249,0.4427157298558535,0.015353469385438755,0.41262292986039356,0.47280852985131344,0.29487188,0.0031537652253191975,0.28869050015837433,0.3010532598416256
target_sparse,12,1,30,source_all,50,12,1,11,0.0024806239701157563,0.00042467802799216626,0.0016482550352511106,0.003312992904980402,0.94,0.033926691677251195,0.8735036843125876,1.0064963156874123,0.98,0.02,0.9408,1.0191999999999999,0.72,0.06414269805898185,0.5942803118043956,0.8457196881956044,0.8,0.05714285714285715,0.6880000000000001,0.912,0.20447085787883854,0.0012923110674455027,0.20193792818664535,0.20700378757103172,0.3051429927724719,0.010042429559874846,0.2854598308351172,0.3248261547098266,1.158989992,0.00882060142701181,1.1417016132030569,1.176278370796943
target_sparse,12,1,30,source_single,50,1,1,0,0.0023961438715217383,0.0003827765747309632,0.0016459017850490505,0.003146385957994426,0.9,0.04285714285714286,0.8160000000000001,0.984,0.0,0.0,0.0,0.0,0.0,0.0,0.0,0.0,0.0,0.0,0.0,0.0,0.07556225325771362,0.0011787189447492472,0.0732519641260051,0.07787254238942215,0.5051533666011041,0.008208445819288883,0.4890648127952979,0.5212419204069103,0.39501005399999994,0.009041044624009118,0.37728960653694205,0.41273050146305784
target_sparse,12,1,30,target_direct,50,1,1,0,0.0024649365509132,0.00042333666732558646,0.0016351966829550506,0.00329467641887135,0.94,0.033926691677251195,0.8735036843125876,1.0064963156874123,0.96,0.027994168488950606,0.9051314297616568,1.014868570238343,0.8,0.05714285714285715,0.6880000000000001,0.912,0.82,0.0548839220351387,0.7124275128111281,0.9275724871888718,0.3010337804727241,0.0033318364383587147,0.294503381053541,0.3075641798919072,0.39278366319594066,0.019597279591875426,0.35437299519586485,0.43119433119601647,0.249061636,0.004528233871628243,0.24018629761160865,0.25793697438839136
target_sparse,12,2,30,source_all,50,12,2,10,0.0032563732591288507,0.0004738026342168663,0.0023277200960637925,0.004185026422193909,0.93,0.024784787961282105,0.8814218155958872,0.9785781844041129,0.93,0.024784787961282105,0.8814218155958872,0.9785781844041129,0.58,0.05598833697790121,0.4702628595233136,0.6897371404766863,0.67,0.05072937401304201,0.5705704269344377,0.7694295730655624,0.2072948816851301,0.00109489668163876,0.20514888418911814,0.20944087918114207,0.32931063073573646,0.007733481369770292,0.3141530072509867,0.3444682542204862,1.214668382,0.010748729211512872,1.1936008727454348,1.235735891254565
target_sparse,12,2,30,source_single,50,1,1,0,0.0033128959213107167,0.0004954111012801806,0.0023418901628015627,0.00428390167981987,0.84,0.036253078686998626,0.7689439657734827,0.9110560342265173,0.0,0.0,0.0,0.0,0.0,0.0,0.0,0.0,0.0,0.0,0.0,0.0,0.08430468856360748,0.0011841697282062454,0.08198371589632324,0.08662566123089173,0.42675261472906256,0.008755950134436079,0.40959095246556787,0.44391427699255726,0.39160329400000005,0.0033998340904087348,0.38493961918279895,0.39826696881720114
target_sparse,12,2,30,target_direct,50,2,2,0,0.003257105218690529,0.0004716232739159433,0.00233272360181528,0.004181486835565778,0.93,0.024784787961282105,0.8814218155958872,0.9785781844041129,0.97,0.016963345838625597,0.9367518421562938,1.0032481578437062,0.77,0.04564727231048702,0.6805313462714455,0.8594686537285545,0.8,0.04040610178208843,0.7208040405071068,0.8791959594928933,0.30533071654499183,0.0023680464099925243,0.3006893455814065,0.3099720875085772,0.4249403163610959,0.01363856841940935,0.39820872225905357,0.45167191046313826,0.293564816,0.0027158741918870324,0.2882417025839014,0.2988879294160986
