target_dimension,kappa,target_variance,observation_scale,method,best_fixed_candidate,mean_delta_vs_best_fixed,paired_se_of_mean,best_fixed_candidate_by_brier,mean_brier_delta_vs_best_fixed,paired_brier_se_of_mean
1,0.25,0.04,1.0,equal_average,rotated_fitted,-0.001464755010745541,0.000310101923190389,rotated_fitted,0.0001971977697871179,5.0022416553873104e-05
1,0.25,0.04,1.0,hard_validation_selection,rotated_fitted,-0.00021146488334311198,0.0003519739840387886,rotated_fitted,-4.171074334069491e-05,6.519544631569624e-05
1,0.25,0.04,1.0,pseudo_bma_plus,rotated_fitted,0.001191631888735174,0.00028424621743007475,rotated_fitted,-0.00015790696046793395,5.0846699844020654e-05
1,0.25,0.04,1.0,regularized_stacking,rotated_fitted,0.0013445252502222744,0.0002875900338832535,rotated_fitted,-0.0001642491599394224,5.1699083826941524e-05
1,1.0,0.04,1.0,equal_average,source_single,-0.0023435330716066174,0.0002277125618060135,source_single,0.00013305975176125268,3.956830067957991e-05
1,1.0,0.04,1.0,hard_validation_selection,source_single,-0.0003178353439806136,0.0002478260195890461,source_single,-0.00013308160215294435,5.24907610261305e-05
1,1.0,0.04,1.0,pseudo_bma_plus,source_single,0.00039619694693321405,0.00019221757744048912,source_single,-0.00021332748947691283,4.036483875304061e-05
1,1.0,0.04,1.0,regularized_stacking,source_single,0.0003424848843491428,0.0002006751833430543,source_single,-0.00021957708124774832,4.114012671609916e-05
1,5.0,0.04,1.0,equal_average,rotated_fitted,-0.01772150608137617,0.0007150176003700963,rotated_fitted,0.00028217434817241326,8.017080336575304e-05
1,5.0,0.04,1.0,hard_validation_selection,rotated_fitted,0.0006753067244908761,0.00039511702675575885,rotated_fitted,-0.00024232122718687886,5.7166091913888286e-05
1,5.0,0.04,1.0,pseudo_bma_plus,rotated_fitted,0.00262185721072341,0.00036139761722754095,rotated_fitted,-0.00034653868907925814,5.2462287118195776e-05
1,5.0,0.04,1.0,regularized_stacking,rotated_fitted,0.002744422164232374,0.0004040705195137513,rotated_fitted,-0.0004081399487426698,5.242012770392234e-05
2,0.25,0.04,1.0,equal_average,rotated_fitted,-0.003819756484645728,0.00037876959682716835,rotated_fitted,0.0003335731842274151,3.608467817966103e-05
2,0.25,0.04,1.0,hard_validation_selection,rotated_fitted,-0.001477293324849681,0.0004307672895253205,rotated_fitted,2.0067765026310025e-05,3.684435870414409e-05
2,0.25,0.04,1.0,pseudo_bma_plus,rotated_fitted,0.0010650939232484061,0.0002986051375854274,rotated_fitted,-9.372280406672784e-05,3.063179393147779e-05
2,0.25,0.04,1.0,regularized_stacking,rotated_fitted,0.0011257854366232257,0.00031748226423646757,rotated_fitted,-8.719481495693504e-05,3.1461495821555575e-05
2,1.0,0.04,1.0,equal_average,source_single,-0.0044560945084612235,0.00032220935611701983,source_single,0.00022502095200824755,3.3050016847687264e-05
2,1.0,0.04,1.0,hard_validation_selection,source_single,-0.0004890562514306742,0.0002566520894723208,source_single,-6.522627964719807e-05,2.42652484700118e-05
2,1.0,0.04,1.0,pseudo_bma_plus,source_single,0.00028207028482504093,0.00020280029848476945,source_single,-0.00011562620530099121,2.1300958516207675e-05
2,1.0,0.04,1.0,regularized_stacking,source_single,0.00010853052490130067,0.00021492063724874602,source_single,-0.00011215863627611883,2.3456855241852138e-05
2,5.0,0.04,1.0,equal_average,rotated_fitted,-0.029548917108673342,0.0009385831284236116,rotated_fitted,-5.626350071460712e-05,4.9182982389961044e-05
2,5.0,0.04,1.0,hard_validation_selection,rotated_fitted,0.0004675253556425578,0.0004370402525632848,rotated_fitted,-8.616550687107372e-05,3.306883210046081e-05
2,5.0,0.04,1.0,pseudo_bma_plus,rotated_fitted,0.003117671324544493,0.0004547747595529304,rotated_fitted,-0.0002359517674775825,2.9922727607849276e-05
2,5.0,0.04,1.0,regularized_stacking,rotated_fitted,0.0034567090561048526,0.0004982178006999093,rotated_fitted,-0.00029326569568729143,3.0047108596428496e-05
