target_dimension,method,elpd,mean_log_score,se_elpd,mean_weight_source_single,mean_weight_source_all,mean_weight_target_direct,mean_weight_rotated_fitted,weight_convergence_rate
1,equal_average,-87.97529374864656,-1.1575696545874548,8.473040918327728,0.25,0.25,0.25,0.25,1.0
1,hard_inner_selection,-87.66237404257905,-1.1534522900339348,8.0540603611957,0.0,0.9078947368421053,0.09210526315789473,0.0,1.0
1,pseudo_bma_plus,-88.10045822818853,-1.1592165556340597,8.336975704532893,0.1933129360954476,0.4311136719130536,0.2190755749100649,0.15649781708143373,1.0
1,regularized_stacking,-88.06007242164573,-1.158685163442707,8.371985151318537,0.2440784074967893,0.383970208684876,0.23115326041959613,0.14079812339873835,1.0
1,rotated_fitted,-88.75668102825989,-1.1678510661613144,8.944263659356936,0.0,0.0,0.0,1.0,1.0
1,source_all,-87.52130569372288,-1.1515961275489852,8.058564830412164,0.0,1.0,0.0,0.0,1.0
1,source_single,-89.38086895466891,-1.176064065193012,10.224300581804322,1.0,0.0,0.0,0.0,1.0
1,target_direct,-88.54517069064622,-1.1650680354032397,7.616670217117503,0.0,0.0,1.0,0.0,1.0
2,equal_average,-213.09985049471518,-2.8039454012462524,10.859472034621087,0.25,0.25,0.25,0.25,1.0
2,hard_inner_selection,-216.98847620219516,-2.855111528976252,11.17159091263395,0.02631578947368421,0.868421052631579,0.02631578947368421,0.07894736842105263,1.0
2,pseudo_bma_plus,-213.62607938199557,-2.810869465552573,10.790063595298166,0.25337546660949856,0.42318866098422975,0.1465193573951354,0.17691651501113612,1.0
2,regularized_stacking,-213.3686901572754,-2.807482765227308,10.811985808146149,0.30915106523247277,0.4135449824145111,0.12090866509526824,0.15639528725774773,1.0
2,rotated_fitted,-214.17848682400933,-2.8181379845264387,11.816751303400723,0.0,0.0,0.0,1.0,1.0
2,source_all,-213.05380336498973,-2.8033395179603913,9.62168838998592,0.0,1.0,0.0,0.0,1.0
2,source_single,-214.2844861263984,-2.819532712189453,12.507150808585592,1.0,0.0,0.0,0.0,1.0
2,target_direct,-214.35857037101323,-2.820507504881753,10.507404748627673,0.0,0.0,1.0,0.0,1.0
