target_dimension,first,second,delta_elpd_first_minus_second,paired_se
1,equal_average,hard_inner_selection,-0.31291970606750974,0.47757110436368
1,equal_average,pseudo_bma_plus,0.125164479541981,0.22060877974013784
1,equal_average,regularized_stacking,0.0847786729991794,0.21741952431046374
1,equal_average,rotated_fitted,0.7813872796133337,0.668502182409745
1,equal_average,source_all,-0.45398805492367433,0.44819620023591505
1,equal_average,source_single,1.4055752060223494,1.8231666109268145
1,equal_average,target_direct,0.5698769419996548,1.1490237970958945
1,hard_inner_selection,pseudo_bma_plus,0.43808418560949075,0.39371880490894523
1,hard_inner_selection,regularized_stacking,0.39769837906668914,0.4385641100279446
1,hard_inner_selection,rotated_fitted,1.094306985680843,1.0180617231002171
1,hard_inner_selection,source_all,-0.1410683488561646,0.16143776286219472
1,hard_inner_selection,source_single,1.718494912089859,2.2488707636249967
1,hard_inner_selection,target_direct,0.8827966480671645,0.8861278998947859
1,pseudo_bma_plus,regularized_stacking,-0.040385806542801606,0.05697773591933041
1,pseudo_bma_plus,rotated_fitted,0.6562228000713525,0.812155007271912
1,pseudo_bma_plus,source_all,-0.5791525344656553,0.3755935327766149
1,pseudo_bma_plus,source_single,1.2804107264803681,1.9569955472227074
1,pseudo_bma_plus,target_direct,0.4447124624576737,1.0762808831991215
1,regularized_stacking,rotated_fitted,0.696608606614154,0.8015560682567028
1,regularized_stacking,source_all,-0.5387667279228537,0.4211575612952497
1,regularized_stacking,source_single,1.32079653302317,1.9227543122715849
1,regularized_stacking,target_direct,0.4850982690004756,1.1115921346739153
1,rotated_fitted,source_all,-1.2353753345370078,0.9949030413343005
1,rotated_fitted,source_single,0.6241879264090159,1.3306485367567884
1,rotated_fitted,target_direct,-0.21151033761367877,1.7412009097961907
1,source_all,source_single,1.8595632609460235,2.2346756244349173
1,source_all,target_direct,1.0238649969233293,0.8988681114802466
1,source_single,target_direct,-0.835698264022695,2.9038441034813176
2,equal_average,hard_inner_selection,3.8886257074799917,1.3535990336192345
2,equal_average,pseudo_bma_plus,0.5262288872803984,0.23254337092107039
2,equal_average,regularized_stacking,0.26883966256021674,0.22626393327932956
2,equal_average,rotated_fitted,1.0786363292941235,1.095926862708898
2,equal_average,source_all,-0.04604712972543856,1.4654191759284627
2,equal_average,source_single,1.184635631683222,1.7380289737959096
2,equal_average,target_direct,1.2587198762980654,0.9687647841813267
2,hard_inner_selection,pseudo_bma_plus,-3.3623968201995926,1.260624595139223
2,hard_inner_selection,regularized_stacking,-3.6197860449197745,1.3061344692277808
2,hard_inner_selection,rotated_fitted,-2.809989378185868,1.3438970234706775
2,hard_inner_selection,source_all,-3.93467283720543,2.1408893781158156
2,hard_inner_selection,source_single,-2.7039900757967694,1.8987253895042229
2,hard_inner_selection,target_direct,-2.629905831181926,1.7227656644267328
2,pseudo_bma_plus,regularized_stacking,-0.25738922472018166,0.08579960227388785
2,pseudo_bma_plus,rotated_fitted,0.552407442013725,1.1626572962864703
2,pseudo_bma_plus,source_all,-0.572276017005837,1.3530329878639795
2,pseudo_bma_plus,source_single,0.6584067444028232,1.814379243615132
2,pseudo_bma_plus,target_direct,0.732490989017667,1.0735369877774283
2,regularized_stacking,rotated_fitted,0.8097966667339067,1.1480542878294444
2,regularized_stacking,source_all,-0.3148867922856553,1.3663259275094393
2,regularized_stacking,source_single,0.9157959691230051,1.7893901423779668
2,regularized_stacking,target_direct,0.9898802137378486,1.118612885939909
2,rotated_fitted,source_all,-1.124683459019562,2.474641458469584
2,rotated_fitted,source_single,0.1059993023890986,0.7328104946945327
2,rotated_fitted,target_direct,0.1800835470039419,1.7856743790551315
2,source_all,source_single,1.230682761408661,3.1285275755495796
2,source_all,target_direct,1.304767006023504,1.6344651273025974
2,source_single,target_direct,0.07408424461484309,2.379117464991049
