target_dimension,target,summary,posterior_mean,posterior_sd,interval_lower,interval_upper,directional_support_positive
1,"CD-HC, SMA-to-bilateral-M1 average",Source-single,-0.4653657531586597,0.20421228157108118,-0.8656144702387314,-0.06511703607858799,0.011338487470327356
1,"ULD-HC, SMA-to-bilateral-M1 average",Source-single,0.1099048362263553,0.1547892188253439,-0.19347645786640807,0.41328613031911865,0.7611569275177936
1,"CD-HC, SMA-to-bilateral-M1 average",Source-all,-0.5121055400575238,0.23298073392582727,-0.9687393876438544,-0.05547169247119327,0.013972429314249853
1,"ULD-HC, SMA-to-bilateral-M1 average",Source-all,0.09451145384576964,0.17679460794597057,-0.25199961038921154,0.4410225180807508,0.7035310003898214
1,"CD-HC, SMA-to-bilateral-M1 average",Target-direct,-0.6343826069993482,0.24984075763137117,-1.1240614938270364,-0.14470372017166006,0.005556143572024203
1,"ULD-HC, SMA-to-bilateral-M1 average",Target-direct,-0.014230860624974362,0.19039966541561323,-0.3874073475080528,0.35894562625810406,0.4702099765165735
1,"CD-HC, SMA-to-bilateral-M1 average",Rotated-fitted,-0.4509266193204949,0.22604544730833515,-0.8939675549140782,-0.007885683726911508,0.023029655176255662
1,"ULD-HC, SMA-to-bilateral-M1 average",Rotated-fitted,0.11195372280056619,0.17149650474407785,-0.2241732499723289,0.4480806955734613,0.7430589005122361
1,"CD-HC, SMA-to-bilateral-M1 average",Regularized-stacking mixture,-0.5217520997058952,0.23937934439174402,-1.005148508120038,-0.06380463809406134,0.012595701920915397
1,"ULD-HC, SMA-to-bilateral-M1 average",Regularized-stacking mixture,0.07469550293492287,0.1816200468001064,-0.2925707786354675,0.4222179622228823,0.6670946152741543
2,"CD-HC, SMA-to-left-M1",Source-single,-0.3917569575611429,0.2853176044839061,-0.9509691865048426,0.16745527138255678,0.08486751878129284
2,"CD-HC, SMA-to-right-M1",Source-single,-0.5389745487561765,0.28612388416028595,-1.0997670568270475,0.021817959314694435,0.029802076502258478
2,"ULD-HC, SMA-to-left-M1",Source-single,0.16308932141378743,0.2159920719418391,-0.2602473605384015,0.5864260033659764,0.7748967694224058
2,"ULD-HC, SMA-to-right-M1",Source-single,0.056720351038923186,0.21626263003245366,-0.36714661502659623,0.48058731710444264,0.6034454069748666
2,"CD-HC, SMA-to-left-M1",Source-all,-0.46676501805834214,0.34599882770651863,-1.1449102590561981,0.21138022293951375,0.08866263497355642
2,"CD-HC, SMA-to-right-M1",Source-all,-0.5574460620567055,0.3058729595078511,-1.156946046536772,0.04205392242336092,0.034191412325232755
2,"ULD-HC, SMA-to-left-M1",Source-all,0.14655099156221263,0.26238608381256134,-0.36771628275491564,0.6608182658793409,0.7117593778573177
2,"ULD-HC, SMA-to-right-M1",Source-all,0.04247191612932663,0.23168316599157865,-0.4116187450383826,0.4965625772970359,0.5727261191848269
2,"CD-HC, SMA-to-left-M1",Target-direct,-0.7014596996185787,0.3213528933426703,-1.3312997968979539,-0.07161960233920361,0.014524055329587008
2,"CD-HC, SMA-to-right-M1",Target-direct,-0.5932053901806859,0.32345403634043923,-1.2271636520620566,0.04075287170068487,0.0333291339883105
2,"ULD-HC, SMA-to-left-M1",Target-direct,-0.029245757650593455,0.24436935330197374,-0.5082008890478061,0.4497093737466192,0.4523689162193909
2,"ULD-HC, SMA-to-right-M1",Target-direct,0.005221786375184379,0.24493368803511703,-0.47483942077421415,0.48528299352458293,0.5085044796710729
2,"CD-HC, SMA-to-left-M1",Rotated-fitted,-0.38810673566214776,0.297101803347985,-0.9704155699661001,0.19420209864180454,0.09572376257479237
2,"CD-HC, SMA-to-right-M1",Rotated-fitted,-0.5298631886435634,0.29773309693124494,-1.1134093356343764,0.053682958347249565,0.037565946239962025
2,"ULD-HC, SMA-to-left-M1",Rotated-fitted,0.16335508474437616,0.2249720960965802,-0.2775821211314051,0.6042922906201574,0.766115142467542
2,"ULD-HC, SMA-to-right-M1",Rotated-fitted,0.059190545871289704,0.22521066222421304,-0.3822142410225831,0.5005953327651625,0.6036565032665494
2,"CD-HC, SMA-to-left-M1",Regularized-stacking mixture,-0.4571183615739094,0.3316723765224499,-1.1253244715707627,0.17948956182071243,0.0806885585375885
2,"CD-HC, SMA-to-right-M1",Regularized-stacking mixture,-0.5515174763239217,0.30125404048081167,-1.1440480389400542,0.03761331281815508,0.03326047385441765
2,"ULD-HC, SMA-to-left-M1",Regularized-stacking mixture,0.1354436319715925,0.24836567575334215,-0.3598276028720225,0.6177938026525108,0.711566424911846
2,"ULD-HC, SMA-to-right-M1",Regularized-stacking mixture,0.0453450284419603,0.2281304562748018,-0.4036627963776695,0.49122277858162744,0.579869153898524
