"target_dimension","kappa","target_variance","observation_scale","workflow","replications","mean_variance_ratio","variance_rmse","coverage","coverage_wilson_lower","coverage_wilson_upper","convergence_rate","mean_boundary_fraction"
"1","0.25","0.02","1.0","rotated_fitted","500","0.9954507234373738","0.011600188708907912","0.944","0.9279766518506339","0.9566251866143315","1.0","0.014"
"1","0.25","0.02","1.0","source_all","500","0.4574977787193793","0.011585748075131476","0.92","0.9015335609709094","0.9352519619013553","1.0","0.14255555555555552"
"1","0.25","0.02","1.0","source_single","500","0.26753468344853165","0.014670771066618371","0.915","0.8960871089970642","0.9307366814600545","1.0","0.0"
"1","0.25","0.02","1.0","target_direct","500","1.096086730275797","0.021960481186905086","0.948","0.9324442606810758","0.9601269637160063","1.0","0.242"
"1","0.25","0.04","1.0","rotated_fitted","500","0.9946778352625961","0.016784368180672183","0.949","0.9335645136555919","0.9609990572245195","1.0","0.002"
"1","0.25","0.04","1.0","source_all","500","0.43299449137611046","0.02350929790322726","0.906","0.8863268456839278","0.9225658264259279","1.0","0.06888888888888886"
"1","0.25","0.04","1.0","source_single","500","0.2708642116072552","0.02919098613701292","0.881","0.859459194401488","0.8996248156326379","1.0","0.0"
"1","0.25","0.04","1.0","target_direct","500","1.0562990586541376","0.029935401908139172","0.95","0.9346861797561005","0.9618697376070401","1.0","0.078"
"1","0.25","0.08","1.0","rotated_fitted","500","0.9920575485583338","0.025060287203845972","0.947","0.9313253831628664","0.9592534947511865","1.0","0.0"
"1","0.25","0.08","1.0","source_all","500","0.439656144001738","0.04584596215896401","0.901","0.8809263810636927","0.918004558631017","1.0","0.02144444444444443"
"1","0.25","0.08","1.0","source_single","500","0.2707608076500304","0.0583703024102036","0.867","0.8445423199293641","0.8866488393423527","1.0","0.0"
"1","0.25","0.08","1.0","target_direct","500","0.9845818053375212","0.03994552607079489","0.961","0.9471306895808221","0.9713410390956397","1.0","0.014"
"1","1.0","0.02","1.0","rotated_fitted","500","1.0220314581483825","0.013708455783417405","0.949","0.9335645136555919","0.9609990572245195","1.0","0.031"
"1","1.0","0.02","1.0","source_all","500","1.021958432476085","0.006727172122976424","0.949","0.9335645136555919","0.9609990572245195","1.0","0.03577777777777774"
"1","1.0","0.02","1.0","source_single","500","1.0031112896071697","0.0017782792332277633","0.952","0.9369339113502125","0.9636066989789863","1.0","0.0"
"1","1.0","0.02","1.0","target_direct","500","1.1428688036783927","0.02374384373422613","0.955","0.9403171620641156","0.9662004877141709","1.0","0.254"
"1","1.0","0.04","1.0","rotated_fitted","500","1.0081401096002494","0.020550321154256375","0.945","0.9290916123229871","0.9575025726250075","1.0","0.009"
"1","1.0","0.04","1.0","source_all","500","0.998632252566819","0.009891102073972157","0.943","0.9268629323408811","0.9557465596410549","1.0","0.010555555555555547"
"1","1.0","0.04","1.0","source_single","500","1.0014923989327524","0.0029981491691271536","0.952","0.9369339113502125","0.9636066989789863","1.0","0.0"
"1","1.0","0.04","1.0","target_direct","500","1.0677069546238207","0.02986736907567173","0.95","0.9346861797561005","0.9618697376070401","1.0","0.078"
"1","1.0","0.08","1.0","rotated_fitted","500","1.0119424509406587","0.03137006699883441","0.949","0.9335645136555919","0.9609990572245195","1.0","0.003"
"1","1.0","0.08","1.0","source_all","500","1.0003116787727053","0.015000822515592609","0.954","0.9391877960587225","0.9653375072365349","1.0","0.000333333333333333"
"1","1.0","0.08","1.0","source_single","500","1.0013058220369593","0.0048071066030225575","0.956","0.9414482108499288","0.9670617854113869","1.0","0.0"
"1","1.0","0.08","1.0","target_direct","500","1.032343213352849","0.04028008392911378","0.94","0.923528925209017","0.9531035273238316","1.0","0.018"
"1","2.0","0.02","1.0","rotated_fitted","500","1.025170544392923","0.015408896756181605","0.957","0.94258099615625","0.967921346588095","1.0","0.035"
"1","2.0","0.02","1.0","source_all","500","1.770672074307627","0.018236089218358995","0.97","0.9574965858527102","0.9789062611710144","1.0","0.012333333333333321"
"1","2.0","0.02","1.0","source_single","500","1.9665806456776016","0.019560968108601612","0.974","0.9621761711575945","0.982196061798247","1.0","0.0"
"1","2.0","0.02","1.0","target_direct","500","1.1605075675020764","0.023167203264087156","0.951","0.9358092984937387","0.962738965352431","1.0","0.216"
"1","2.0","0.04","1.0","rotated_fitted","500","1.0068377296675666","0.023804699854907622","0.938","0.921311939687012","0.9513358198797781","1.0","0.014"
"1","2.0","0.04","1.0","source_all","500","1.7625766547748971","0.033497935487534436","0.971","0.9586616416636","0.9797335518431538","1.0","0.001222222222222221"
"1","2.0","0.04","1.0","source_single","500","1.9548553181843147","0.038510984700095535","0.974","0.9621761711575945","0.982196061798247","1.0","0.0"
"1","2.0","0.04","1.0","target_direct","500","1.0673684745471224","0.03108692024023567","0.951","0.9358092984937387","0.962738965352431","1.0","0.094"
"1","2.0","0.08","1.0","rotated_fitted","500","0.9972584681304616","0.03305769487512172","0.938","0.921311939687012","0.9513358198797781","1.0","0.001"
"1","2.0","0.08","1.0","source_all","500","1.7470373778095463","0.06387504804754324","0.971","0.9586616416636","0.9797335518431538","1.0","0.000111111111111111"
"1","2.0","0.08","1.0","source_single","500","1.9558992746568213","0.07704206059188046","0.976","0.964537094388666","0.9838198315332338","1.0","0.0"
"1","2.0","0.08","1.0","target_direct","500","1.001619192307352","0.039908220923564185","0.94","0.923528925209017","0.9531035273238316","1.0","0.012"
"1","5.0","0.02","1.0","rotated_fitted","500","1.095151477904977","0.017745407723719228","0.939","0.9224198811760919","0.9522202248737274","1.0","0.07"
"1","5.0","0.02","1.0","source_all","500","4.008562504952116","0.062170004553446116","0.981","0.9705155440879457","0.9878031142491001","1.0","0.000222222222222222"
"1","5.0","0.02","1.0","source_single","500","4.832110791926227","0.0768667204429575","0.989","0.9804106042994373","0.9938468259018421","1.0","0.0"
"1","5.0","0.02","1.0","target_direct","500","1.1819672117695297","0.02296423415962347","0.945","0.9290916123229871","0.9575025726250075","1.0","0.214"
"1","5.0","0.04","1.0","rotated_fitted","500","1.0270661292269876","0.02535977893471667","0.944","0.9279766518506339","0.9566251866143315","1.0","0.025"
"1","5.0","0.04","1.0","source_all","500","3.957077748483986","0.12083102813009433","0.992","0.9842936654692275","0.9959408041811396","1.0","0.0"
"1","5.0","0.04","1.0","source_single","500","4.8289882944184725","0.15354761454009194","0.996","0.9897604437229203","0.9984434118595636","1.0","0.0"
"1","5.0","0.04","1.0","target_direct","500","1.043296682725494","0.030874413178595857","0.947","0.9313253831628664","0.9592534947511865","1.0","0.08"
"1","5.0","0.08","1.0","rotated_fitted","500","0.985702900167672","0.03457346317738665","0.946","0.930207845154308","0.9583786862767157","1.0","0.003"
"1","5.0","0.08","1.0","source_all","500","3.9770259718700602","0.24171552738129082","0.994","0.9869718317583436","0.9972473308580818","1.0","0.0"
"1","5.0","0.08","1.0","source_single","500","4.8344343455536665","0.3074575660817482","0.995","0.9883490446268143","0.9978624644726405","1.0","0.0"
"1","5.0","0.08","1.0","target_direct","500","0.9756345483119013","0.03794902942026752","0.939","0.9224198811760919","0.9522202248737274","1.0","0.012"
"2","0.25","0.02","1.0","rotated_fitted","500","0.9827627089031499","0.007368485241025635","0.9335","0.9217283654432341","0.9436095545639874","1.0","0.0"
"2","0.25","0.02","1.0","source_all","500","0.7419491877244704","0.007721242727350833","0.9135","0.9003740477455118","0.9250405541529567","1.0","0.12888888888888886"
"2","0.25","0.02","1.0","source_single","500","0.2896396551651216","0.014235215957768693","0.8925","0.8781646699773875","0.9053304479068902","1.0","0.0"
"2","0.25","0.02","1.0","target_direct","500","1.023788755188845","0.014471596425059458","0.932","0.9201183001759671","0.942225370973098","1.0","0.092"
"2","0.25","0.04","1.0","rotated_fitted","500","0.9797468230713011","0.011198014611766999","0.941","0.929803385148349","0.9505057791496548","1.0","0.0"
"2","0.25","0.04","1.0","source_all","500","0.7257857270427026","0.013698290186634189","0.922","0.9094215182297545","0.9329604938649341","1.0","0.06144444444444441"
"2","0.25","0.04","1.0","source_single","500","0.294899323488695","0.02823727945690504","0.878","0.8629271316622307","0.8916235805932013","1.0","0.0"
"2","0.25","0.04","1.0","target_direct","500","1.0131595701566485","0.01960931982560062","0.943","0.9319642649872832","0.9523372311215959","1.0","0.006"
"2","0.25","0.08","1.0","rotated_fitted","500","0.9900459928947241","0.016495877648487596","0.9425","0.9314237261897613","0.951879686966399","1.0","0.0"
"2","0.25","0.08","1.0","source_all","500","0.7119987082300261","0.02562483800864118","0.9085","0.8950688391279353","0.9203649332433448","1.0","0.019888888888888873"
"2","0.25","0.08","1.0","source_single","500","0.3044046260251875","0.05569169603922509","0.845","0.828479151707931","0.8601980856680583","1.0","0.0"
"2","0.25","0.08","1.0","target_direct","500","0.9754641318066128","0.024552203395412295","0.935","0.9233400064869693","0.9449921623784087","1.0","0.0"
"2","1.0","0.02","1.0","rotated_fitted","500","0.9947202166462665","0.008773201024735168","0.9485","0.9379251286392897","0.9573552799494965","1.0","0.004"
"2","1.0","0.02","1.0","source_all","500","1.019531196362534","0.0066753829499945","0.945","0.9341286162885705","0.9541652116311838","1.0","0.03677777777777774"
"2","1.0","0.02","1.0","source_single","500","0.9941561595566136","0.0019103857054345698","0.9545","0.9444626753717668","0.9627947286496455","1.0","0.0"
"2","1.0","0.02","1.0","target_direct","500","0.9993187765163565","0.014859148755110109","0.933","0.9211915043501075","0.9431483327043952","1.0","0.09"
"2","1.0","0.04","1.0","rotated_fitted","500","1.0160693344468297","0.012971988542356523","0.94","0.9287241955070624","0.9495888028855037","1.0","0.0"
"2","1.0","0.04","1.0","source_all","500","1.0035849294826653","0.009950249471497094","0.939","0.9276458135954326","0.9486710188916958","1.0","0.010111111111111104"
"2","1.0","0.04","1.0","source_single","500","1.0040660262120942","0.0031879270885046005","0.944","0.9330459959532542","0.9532516660610626","1.0","0.0"
"2","1.0","0.04","1.0","target_direct","500","1.0157698362076861","0.01999921773047753","0.9365","0.9249532738543033","0.9463731438692312","1.0","0.012"
"2","1.0","0.08","1.0","rotated_fitted","500","1.0024545222692585","0.020972264318394843","0.9485","0.9379251286392897","0.9573552799494965","1.0","0.0"
"2","1.0","0.08","1.0","source_all","500","0.9965269327100432","0.015583813187740828","0.945","0.9341286162885705","0.9541652116311838","1.0","0.0018888888888888868"
"2","1.0","0.08","1.0","source_single","500","0.9994020541579943","0.005321152441338345","0.95","0.9395558910658363","0.9587187663811064","1.0","0.0"
"2","1.0","0.08","1.0","target_direct","500","0.9925565548546976","0.025898008564657255","0.941","0.929803385148349","0.9505057791496548","1.0","0.002"
"2","2.0","0.02","1.0","rotated_fitted","500","1.0114627341149212","0.009743771688589078","0.953","0.9428245575285803","0.9614385976346753","1.0","0.002"
"2","2.0","0.02","1.0","source_all","500","1.387040071460732","0.011529866061732055","0.9535","0.9433703066273379","0.9618909314886367","1.0","0.016888888888888873"
"2","2.0","0.02","1.0","source_single","500","1.919410374289149","0.01864201885720234","0.9725","0.9643768884850795","0.9788115018342104","1.0","0.0"
"2","2.0","0.02","1.0","target_direct","500","1.0763734988981368","0.015507229189424968","0.952","0.9417339082487169","0.960533081009101","1.0","0.108"
"2","2.0","0.04","1.0","rotated_fitted","500","1.026962218181939","0.01448996608788567","0.953","0.9428245575285803","0.9614385976346753","1.0","0.0"
"2","2.0","0.04","1.0","source_all","500","1.4066016702524675","0.020112523490388976","0.963","0.9538001190473966","0.9704246951702356","1.0","0.0037777777777777736"
"2","2.0","0.04","1.0","source_single","500","1.9268479116104353","0.037415926254864076","0.9815","0.9746052332824257","0.9865486501858031","1.0","0.0"
"2","2.0","0.04","1.0","target_direct","500","1.048744735291934","0.019495856746703816","0.9485","0.9379251286392897","0.9573552799494965","1.0","0.008"
"2","2.0","0.08","1.0","rotated_fitted","500","0.9906982237994523","0.02130134976108592","0.933","0.9211915043501075","0.9431483327043952","1.0","0.0"
"2","2.0","0.08","1.0","source_all","500","1.4137429927463117","0.03802683343788505","0.958","0.9482955994326446","0.9659483852577994","1.0","0.0"
"2","2.0","0.08","1.0","source_single","500","1.9010065717513627","0.07265517653029961","0.9785","0.9711661662610865","0.9839992194908292","1.0","0.0"
"2","2.0","0.08","1.0","target_direct","500","0.9941390880721854","0.026402712233838038","0.939","0.9276458135954326","0.9486710188916958","1.0","0.0"
"2","5.0","0.02","1.0","rotated_fitted","500","1.030607083890513","0.018317486365248097","0.95","0.9395558910658363","0.9587187663811064","1.0","0.018"
"2","5.0","0.02","1.0","source_all","500","2.609892941259159","0.03406757298319323","0.969","0.9604592717920212","0.9757425378582368","1.0","0.0042222222222222175"
"2","5.0","0.02","1.0","source_single","500","4.667099390433931","0.07358648069355574","0.9905","0.9852096168458321","0.9939097597713357","1.0","0.0"
"2","5.0","0.02","1.0","target_direct","500","1.0329439966137417","0.014869581736410425","0.941","0.929803385148349","0.9505057791496548","1.0","0.09"
"2","5.0","0.04","1.0","rotated_fitted","500","1.0134639914707257","0.016610894710746605","0.946","0.9352121487011815","0.9550778451240105","1.0","0.002"
"2","5.0","0.04","1.0","source_all","500","2.7015071920083065","0.0703499328990677","0.9835","0.976919038886438","0.9882271763926661","1.0","0.000333333333333333"
"2","5.0","0.04","1.0","source_single","500","4.616949787452384","0.14503136889903367","0.993","0.988284137436726","0.9958256539440357","1.0","0.0"
"2","5.0","0.04","1.0","target_direct","500","0.9925322284546934","0.019191188974247823","0.946","0.9352121487011815","0.9550778451240105","1.0","0.014"
"2","5.0","0.08","1.0","rotated_fitted","500","1.0042084603072456","0.021994558314200142","0.953","0.9428245575285803","0.9614385976346753","1.0","0.0"
"2","5.0","0.08","1.0","source_all","500","2.7645466362415645","0.14402419906317362","0.9915","0.9864293102623409","0.9946862322602643","1.0","0.0"
"2","5.0","0.08","1.0","source_single","500","4.611909199847993","0.2895606384384751","0.997","0.9934700849261633","0.9986243700763491","1.0","0.0"
"2","5.0","0.08","1.0","target_direct","500","1.0081753525859694","0.02439151246662687","0.957","0.9471988913297671","0.9650489274552392","1.0","0.0"
