dataset,target,specification,coordinate_system,target_dimension,coordinate_dimension,target_row,coordinate_index,coordinate_name,weight
FacesData,rOFA_to_rFFA_unfamiliar_immediate_minus_long,rotated_all,rotated_target_complement,1,18,1,1,"target_1",-1.41421356237309
FacesData,rOFA_to_rFFA_unfamiliar_immediate_minus_long,rotated_targetwise_plus_nuisance,rotated_target_complement,1,18,1,1,"target_1",-1.41421356237309
FacesData,rOFA_to_rFFA_unfamiliar_immediate_minus_long,source_all,source,1,18,1,10,"B(3,2,5)",1
FacesData,rOFA_to_rFFA_unfamiliar_immediate_minus_long,source_all,source,1,18,1,12,"B(3,2,6)",-1
FacesData,rOFA_to_rFFA_unfamiliar_immediate_minus_long,source_single,source,1,18,1,10,"B(3,2,5)",1
FacesData,rOFA_to_rFFA_unfamiliar_immediate_minus_long,source_single,source,1,18,1,12,"B(3,2,6)",-1
FacesData,rOFA_to_rFFA_unfamiliar_immediate_minus_long,target_direct,target,1,1,1,1,"target_1",1
FingerData,R1_bilateral_average,rotated_all,rotated_target_complement,1,18,1,1,"target_1",-0.866025403784439
FingerData,R1_bilateral_average,rotated_targetwise_plus_nuisance,rotated_target_complement,1,18,1,1,"target_1",-0.866025403784439
FingerData,R1_bilateral_average,source_all,source,1,18,1,5,"B(1,3,1)",-0.25
FingerData,R1_bilateral_average,source_all,source,1,18,1,6,"B(2,3,1)",-0.25
FingerData,R1_bilateral_average,source_all,source,1,18,1,11,"B(1,3,2)",-0.25
FingerData,R1_bilateral_average,source_all,source,1,18,1,12,"B(2,3,2)",-0.25
FingerData,R1_bilateral_average,source_all,source,1,18,1,17,"B(1,3,3)",0.5
FingerData,R1_bilateral_average,source_all,source,1,18,1,18,"B(2,3,3)",0.5
FingerData,R1_bilateral_average,source_single,source,1,18,1,5,"B(1,3,1)",-0.25
FingerData,R1_bilateral_average,source_single,source,1,18,1,6,"B(2,3,1)",-0.25
FingerData,R1_bilateral_average,source_single,source,1,18,1,11,"B(1,3,2)",-0.25
FingerData,R1_bilateral_average,source_single,source,1,18,1,12,"B(2,3,2)",-0.25
FingerData,R1_bilateral_average,source_single,source,1,18,1,17,"B(1,3,3)",0.5
FingerData,R1_bilateral_average,source_single,source,1,18,1,18,"B(2,3,3)",0.5
FingerData,R1_bilateral_average,target_direct,target,1,1,1,1,"target_1",1
FingerData,R2_left_right,rotated_all,rotated_target_complement,2,18,1,1,"target_1",-1.22474487139159
FingerData,R2_left_right,rotated_all,rotated_target_complement,2,18,2,2,"target_2",-1.22474487139159
FingerData,R2_left_right,rotated_targetwise_plus_nuisance,rotated_target_complement,2,18,1,1,"target_1",-1.22474487139159
FingerData,R2_left_right,rotated_targetwise_plus_nuisance,rotated_target_complement,2,18,2,2,"target_2",-1.22474487139159
FingerData,R2_left_right,source_all,source,2,18,1,5,"B(1,3,1)",-0.5
FingerData,R2_left_right,source_all,source,2,18,1,11,"B(1,3,2)",-0.5
FingerData,R2_left_right,source_all,source,2,18,1,17,"B(1,3,3)",1
FingerData,R2_left_right,source_all,source,2,18,2,6,"B(2,3,1)",-0.5
FingerData,R2_left_right,source_all,source,2,18,2,12,"B(2,3,2)",-0.5
FingerData,R2_left_right,source_all,source,2,18,2,18,"B(2,3,3)",1
FingerData,R2_left_right,source_single,source,2,18,1,5,"B(1,3,1)",-0.5
FingerData,R2_left_right,source_single,source,2,18,1,11,"B(1,3,2)",-0.5
FingerData,R2_left_right,source_single,source,2,18,1,17,"B(1,3,3)",1
FingerData,R2_left_right,source_single,source,2,18,2,6,"B(2,3,1)",-0.5
FingerData,R2_left_right,source_single,source,2,18,2,12,"B(2,3,2)",-0.5
FingerData,R2_left_right,source_single,source,2,18,2,18,"B(2,3,3)",1
FingerData,R2_left_right,target_direct,target,2,2,1,1,"target_1",1
FingerData,R2_left_right,target_direct,target,2,2,2,2,"target_2",1
GeometryData,rOcc_to_rPar_regular_minus_random,rotated_all,rotated_target_complement,1,12,1,1,"target_1",-1.11803398874989
GeometryData,rOcc_to_rPar_regular_minus_random,rotated_targetwise_plus_nuisance,rotated_target_complement,1,12,1,1,"target_1",-1.11803398874989
GeometryData,rOcc_to_rPar_regular_minus_random,source_all,source,1,12,1,3,"B(2,1,2)",0.25
GeometryData,rOcc_to_rPar_regular_minus_random,source_all,source,1,12,1,5,"B(2,1,3)",0.25
GeometryData,rOcc_to_rPar_regular_minus_random,source_all,source,1,12,1,7,"B(2,1,4)",-1
GeometryData,rOcc_to_rPar_regular_minus_random,source_all,source,1,12,1,9,"B(2,1,5)",0.25
GeometryData,rOcc_to_rPar_regular_minus_random,source_all,source,1,12,1,11,"B(2,1,6)",0.25
GeometryData,rOcc_to_rPar_regular_minus_random,source_single,source,1,12,1,3,"B(2,1,2)",0.25
GeometryData,rOcc_to_rPar_regular_minus_random,source_single,source,1,12,1,5,"B(2,1,3)",0.25
GeometryData,rOcc_to_rPar_regular_minus_random,source_single,source,1,12,1,7,"B(2,1,4)",-1
GeometryData,rOcc_to_rPar_regular_minus_random,source_single,source,1,12,1,9,"B(2,1,5)",0.25
GeometryData,rOcc_to_rPar_regular_minus_random,source_single,source,1,12,1,11,"B(2,1,6)",0.25
GeometryData,rOcc_to_rPar_regular_minus_random,target_direct,target,1,1,1,1,"target_1",1
