dataset,target,target_row,source_index,parameter_name,weight
FacesData,rOFA_to_rFFA_unfamiliar_immediate_minus_long,1,10,"B(3,2,5)",1.0
FacesData,rOFA_to_rFFA_unfamiliar_immediate_minus_long,1,12,"B(3,2,6)",-1.0
GeometryData,rOcc_to_rPar_regular_minus_random,1,3,"B(2,1,2)",0.25
GeometryData,rOcc_to_rPar_regular_minus_random,1,5,"B(2,1,3)",0.25
GeometryData,rOcc_to_rPar_regular_minus_random,1,7,"B(2,1,4)",-1.0
GeometryData,rOcc_to_rPar_regular_minus_random,1,9,"B(2,1,5)",0.25
GeometryData,rOcc_to_rPar_regular_minus_random,1,11,"B(2,1,6)",0.25
FingerData,R1_bilateral_average,1,5,"B(1,3,1)",-0.25
FingerData,R1_bilateral_average,1,6,"B(2,3,1)",-0.25
FingerData,R1_bilateral_average,1,11,"B(1,3,2)",-0.25
FingerData,R1_bilateral_average,1,12,"B(2,3,2)",-0.25
FingerData,R1_bilateral_average,1,17,"B(1,3,3)",0.50
FingerData,R1_bilateral_average,1,18,"B(2,3,3)",0.50
FingerData,R2_left_right,1,5,"B(1,3,1)",-0.50
FingerData,R2_left_right,1,11,"B(1,3,2)",-0.50
FingerData,R2_left_right,1,17,"B(1,3,3)",1.0
FingerData,R2_left_right,2,6,"B(2,3,1)",-0.50
FingerData,R2_left_right,2,12,"B(2,3,2)",-0.50
FingerData,R2_left_right,2,18,"B(2,3,3)",1.0
