dataset,source_index,parameter_name
FacesData,1,"B(2,1,1)"
FacesData,2,"B(3,2,1)"
FacesData,3,"B(2,1,2)"
FacesData,4,"B(3,2,2)"
FacesData,5,"B(2,1,3)"
FacesData,6,"B(3,2,3)"
FacesData,7,"B(2,1,4)"
FacesData,8,"B(3,2,4)"
FacesData,9,"B(2,1,5)"
FacesData,10,"B(3,2,5)"
FacesData,11,"B(2,1,6)"
FacesData,12,"B(3,2,6)"
FacesData,13,"B(2,1,7)"
FacesData,14,"B(3,2,7)"
FacesData,15,"B(2,1,8)"
FacesData,16,"B(3,2,8)"
FacesData,17,"B(2,1,9)"
FacesData,18,"B(3,2,9)"
FingerData,1,"B(2,1,1)"
FingerData,2,"B(3,1,1)"
FingerData,3,"B(1,2,1)"
FingerData,4,"B(3,2,1)"
FingerData,5,"B(1,3,1)"
FingerData,6,"B(2,3,1)"
FingerData,7,"B(2,1,2)"
FingerData,8,"B(3,1,2)"
FingerData,9,"B(1,2,2)"
FingerData,10,"B(3,2,2)"
FingerData,11,"B(1,3,2)"
FingerData,12,"B(2,3,2)"
FingerData,13,"B(2,1,3)"
FingerData,14,"B(3,1,3)"
FingerData,15,"B(1,2,3)"
FingerData,16,"B(3,2,3)"
FingerData,17,"B(1,3,3)"
FingerData,18,"B(2,3,3)"
GeometryData,1,"B(2,1,1)"
GeometryData,2,"B(1,2,1)"
GeometryData,3,"B(2,1,2)"
GeometryData,4,"B(1,2,2)"
GeometryData,5,"B(2,1,3)"
GeometryData,6,"B(1,2,3)"
GeometryData,7,"B(2,1,4)"
GeometryData,8,"B(1,2,4)"
GeometryData,9,"B(2,1,5)"
GeometryData,10,"B(1,2,5)"
GeometryData,11,"B(2,1,6)"
GeometryData,12,"B(1,2,6)"
