dataset,target,specification,n_subjects,full_dimension,target_dimension,n_components,local_target_rank,local_nullity,target_information_rank,total_target_information_fraction,visible_direction_information_fraction,minimum_conditional_information_eigenvalue,target_random_effects_covariance,full_information_tolerance,full_support_relative_tolerance,full_support_absolute_tolerance,generalized_rank_tolerance,eigenvalue_clip_tolerance,minimum_retained_generalized_eigenvalue,maximum_absolute_discarded_generalized_eigenvalue,rank_at_1e_9,rank_at_1e_8,rank_at_1e_7,rank_at_0_04,rank_invariant_1e_9_to_0_04,raw_generalized_information_eigenvalues
FacesData,rOFA_to_rFFA_unfamiliar_immediate_minus_long,rotated_all,16,18,1,18,1,17,1,0.0509056722291726,0.916302100125108,0.032275276769067,0.1303553758,4.79851913006115e-08,1e-08,1e-12,1e-08,1e-08,0.916302100125108,9.89977245056645e-17,1,1,1,1,1,"0.91630210012510782,9.8997724505664477e-17,1.6783022637235113e-19,3.7688912180790884e-21,5.2141613918248482e-23,9.8751519559821173e-24,2.5932179026686976e-24,1.5432452952331841e-24,5.919338466858273e-25,9.3063631718665686e-28,-4.1308704698775337e-25,-2.6251734503011248e-24,-1.0465799621106122e-23,-1.3061385073894502e-23,-1.3384426657537502e-22,-3.3981319495985392e-22,-1.499767189720501e-21,-5.6820867232197949e-20"
FacesData,rOFA_to_rFFA_unfamiliar_immediate_minus_long,rotated_targetwise_plus_nuisance,16,18,1,2,1,1,1,0.488316417951374,0.976632835902748,0.00868349419100864,0.1328700013,9.60429013357385e-07,1e-08,1e-12,1e-08,1e-08,0.976632835902748,1.29246970711411e-26,1,1,1,1,1,"0.97663283590274819,1.2924697071141057e-26"
FacesData,rOFA_to_rFFA_unfamiliar_immediate_minus_long,source_all,16,18,1,18,1,17,1,0.0280192785141882,0.504347013255388,0.167935979399935,0.1299156437,5.13415342587112e-08,1e-08,1e-12,1e-08,1e-08,0.504347013255388,1.17567927549349e-16,1,1,1,1,1,"0.50434701325538822,1.175679275493493e-16,1.4206772973510226e-18,1.0271377389044817e-20,4.6275684700549119e-22,4.7701189587421453e-23,1.3136587031886369e-23,5.7816283261276073e-24,1.4369458401244266e-25,7.2729804132825672e-26,-1.2000108075912675e-25,-3.6243103050642749e-25,-4.0743033548213789e-24,-7.8475000695180289e-24,-5.7834328366347607e-23,-9.7939438503240603e-20,-4.6218088324578057e-18,-2.8377956253345254e-17"
FacesData,rOFA_to_rFFA_unfamiliar_immediate_minus_long,source_single,16,18,1,1,1,0,1,0.0427520105168223,0.0427520105168223,96.1232108574836,1.954337609,1.00416205532467e-06,1e-08,1e-12,1e-08,1e-08,0.0427520105168223,NaN,1,1,1,1,1,0.042752010516822342
FacesData,rOFA_to_rFFA_unfamiliar_immediate_minus_long,target_direct,16,1,1,1,1,0,1,1,1,0,0.1321588143,3.60202113492117e-09,1e-08,1e-12,1e-08,1e-08,1,NaN,1,1,1,1,1,0.99999999999999978
FingerData,R1_bilateral_average,rotated_all,76,18,1,18,1,17,1,0.0440457829315655,0.792824092768179,3.32880456529091,0.1786430402,2.4865869356234e-07,1e-08,1e-12,1e-08,1e-08,0.79282409276818,4.48217951895764e-17,1,1,1,1,1,"0.79282409276817956,4.4821795189576376e-17,4.6287259357836396e-18,1.2980981365581023e-18,6.2541809045188853e-19,4.4387489255413263e-19,2.2113242668266537e-19,3.578295404900917e-20,1.1212583918263964e-20,2.881047557655319e-21,-1.0131956738376979e-21,-1.2538338156868722e-20,-2.6642972708208301e-20,-7.2492673259421913e-19,-7.86962371941739e-19,-2.2319873225621557e-18,-5.7541736260792562e-18,-3.5011433113736399e-17"
FingerData,R1_bilateral_average,rotated_targetwise_plus_nuisance,76,18,1,2,1,1,1,0.429974123263755,0.85994824652751,2.01249866915468,0.1709982857,4.17729912448448e-06,1e-08,1e-12,1e-08,1e-08,0.85994824652751,5.29395592033938e-23,1,1,1,1,1,"0.85994824652750967,5.2939559203393771e-23"
FingerData,R1_bilateral_average,source_all,76,18,1,18,1,17,1,0.010709617070685,0.192773107272329,11.740457753553,0.174506795,2.48859921450692e-07,1e-08,1e-12,1e-08,1e-08,0.192773107272329,3.49578207289623e-17,1,1,1,1,1,"0.19277310727232927,3.4957820728962256e-17,1.9164593382381005e-17,6.7052990951083862e-18,4.6353986309927615e-18,5.8543104901041635e-19,2.4775121519053044e-19,1.1017974433031135e-20,5.5735440437713605e-21,6.5843966395495389e-22,-8.2303914006853919e-21,-2.0046692103867055e-20,-2.7433994973474724e-20,-5.7430139575763924e-19,-1.0173680233335914e-18,-2.9009151499160914e-18,-6.4965863134735056e-18,-2.0506597554130044e-17"
FingerData,R1_bilateral_average,source_single,76,18,1,1,1,0,1,0.0412019067640586,0.0412019067640586,425.459038537204,0.3230527631,4.4374205741407e-06,1e-08,1e-12,1e-08,1e-08,0.0412019067640586,NaN,1,1,1,1,1,0.041201906764058632
FingerData,R1_bilateral_average,target_direct,76,1,1,1,1,0,1,1,1,0,0.1743180733,1.25289968804565e-07,1e-08,1e-12,1e-08,1e-08,1,NaN,1,1,1,1,1,0.99999999999999978
FingerData,R2_left_right,rotated_all,76,18,2,18,2,16,2,0.0871125620881364,0.784013058793227,3.19006555384931,"0.355998297,1.547586629e-33;1.547586629e-33,0.2323008261",2.49039416257679e-07,1e-08,1e-12,1e-08,1e-08,0.753418901836085,7.94694916209213e-17,2,2,2,2,1,"0.81460721575037254,0.75341890183608451,6.9312917946151308e-17,2.3412647073537033e-17,8.3514627043924504e-18,1.1645124387048335e-18,4.3776828903678246e-19,2.3816184671690452e-19,9.3691501246235577e-20,5.2684730095578933e-20,2.0798865827787557e-21,-6.375005207111747e-21,-7.502190318348573e-20,-1.1640431863784903e-19,-4.0256026790009324e-19,-8.6614094402996871e-19,-2.0653585384431267e-17,-7.9469491620921343e-17"
FingerData,R2_left_right,rotated_targetwise_plus_nuisance,76,18,2,3,2,1,2,0.571229733169574,0.856844599754362,1.74945857873732,"0.340032863,-6.487758e-34;-6.487758e-34,0.2080195515",3.95913296695424e-06,1e-08,1e-12,1e-08,1e-08,0.836248749364273,1.05819118048381e-22,2,2,2,2,1,"0.87744045014444927,0.83624874936427318,1.0581911804838077e-22"
FingerData,R2_left_right,source_all,76,18,2,18,2,16,2,0.0462674749543795,0.416407274589415,8.32960643255274,"0.3900612733,0;0,0.3079659065",2.48859921450692e-07,1e-08,1e-12,1e-08,1e-08,0.37950327764541,9.0504802219805e-17,2,2,2,2,1,"0.45331127153342132,0.37950327764540959,9.0504802219804978e-17,5.1218643493803672e-17,4.139128896105501e-17,1.5538296225928486e-17,2.2273731196031691e-18,4.5283621349693556e-19,1.2935485248088014e-19,5.1153329844997936e-20,1.8168912772995525e-20,-3.1993237179120897e-21,-1.5419633636506105e-20,-1.2094845870565456e-19,-1.705123534013442e-18,-9.304719791685133e-18,-1.9114552173835753e-17,-7.4895950454634477e-17"
FingerData,R2_left_right,source_single,76,18,2,1,1,0,1,0.0869659838597553,0.0869659838597553,405.151592811103,"0.6461055262,0;0,0.6461055262",4.4374205741407e-06,1e-08,1e-12,1e-08,1e-08,0.0869659838597553,NaN,1,1,1,1,1,0.086965983859755333
FingerData,R2_left_right,target_direct,76,2,2,2,2,0,2,1,1,0,"0.3671687434,0;0,0.1988188481",1.43705754344659e-07,1e-08,1e-12,1e-08,1e-08,1,NaN,2,2,2,2,1,"0.99999999999999989,0.99999999999999978"
GeometryData,rOcc_to_rPar_regular_minus_random,rotated_all,20,12,1,12,1,11,1,0.0630590316359098,0.756708379630917,0.500551724875203,0.1417115869,2.58643984674966e-08,1e-08,1e-12,1e-08,1e-08,0.756708379630917,1.22622186492196e-16,1,1,1,1,1,"0.7567083796309173,3.0109949163004695e-18,5.5210020207657444e-19,1.5522562245028726e-19,5.2285940233171505e-20,6.4646145216329189e-22,1.3592995717303365e-22,-4.3784085301291338e-21,-1.3782205102229118e-20,-2.988689466461528e-20,-1.6909863822674916e-19,-1.2262218649219618e-16"
GeometryData,rOcc_to_rPar_regular_minus_random,rotated_targetwise_plus_nuisance,20,12,1,2,1,1,1,0.406738611155604,0.813477222311208,0.358958006562441,0.1415410247,2.90516843553699e-07,1e-08,1e-12,1e-08,1e-08,0.813477222311208,4.2351647362715e-22,1,1,1,1,1,"0.81347722231120789,4.2351647362715017e-22"
GeometryData,rOcc_to_rPar_regular_minus_random,source_all,20,12,1,12,1,11,1,0.0425686132153692,0.51082335858443,0.728713799555186,0.1047468133,2.62532945644913e-08,1e-08,1e-12,1e-08,1e-08,0.51082335858443,3.4230396893451e-17,1,1,1,1,1,"0.51082335858443018,3.4230396893450982e-17,3.8162944853747013e-18,1.480418691628248e-18,1.1325298810706568e-18,7.364973549007422e-20,1.0853698050010864e-20,3.2458640332472815e-21,-2.0721833165793497e-20,-5.6941345852583569e-19,-1.9293570966897141e-18,-3.1446865511928593e-17"
GeometryData,rOcc_to_rPar_regular_minus_random,source_single,20,12,1,1,1,0,1,0.0698305446683547,0.0698305446683547,33.5014713792642,0.2504133382,3.60165249323517e-07,1e-08,1e-12,1e-08,1e-08,0.0698305446683547,NaN,1,1,1,1,1,0.069830544668354658
GeometryData,rOcc_to_rPar_regular_minus_random,target_direct,20,1,1,1,1,0,1,1,1,0,0.1454019909,1.60386950033857e-08,1e-08,1e-12,1e-08,1e-08,1,NaN,1,1,1,1,1,1
