target,target_coordinate,specification,full_dimension,target_dimension,n_components,n_draws,plugin_variance,sampling_mean,sampling_median,sampling_lower95,sampling_upper95,delta_se,delta_lower95,delta_upper95,sampling_to_delta_width_ratio
R1_bilateral_average,1,source_single,18,1,1,5000,0.323052763093709,0.323686581609496,0.323162149545881,0.288724299013177,0.362895032925531,0.0192050370187575,0.285410890536944,0.360694635650474,0.985215783307578
R1_bilateral_average,1,source_all,18,1,18,5000,0.174506794953828,0.177315420678517,0.176574824663943,0.148197939161328,0.210222570142428,0.0157652439324856,0.143606916846157,0.2054066730615,1.00363876460891
R1_bilateral_average,1,rotated_all,18,1,18,5000,0.178643040164281,0.181248140703773,0.178443054407429,0.12718642012453,0.251920201187803,0.0312492960073592,0.117394419989857,0.239891660338705,1.01825788652917
R1_bilateral_average,1,rotated_targetwise_plus_nuisance,18,1,2,5000,0.170998285651071,0.173571499544638,0.171099221126594,0.118898605104936,0.243252274840906,0.0315351021375408,0.109189485461491,0.232807085840651,1.00595440580105
R1_bilateral_average,1,target_direct,1,1,1,5000,0.174318073287405,0.17775732145897,0.175126461793874,0.120668377188127,0.252192327029527,0.0331015005426955,0.109439132223721,0.239197014351088,1.01361048504398
R2_left_right,1,source_single,18,2,1,5000,0.646105526187418,0.64721166587437,0.646535354797961,0.574932608397806,0.725940863855504,0.0384100740375151,0.570821781073889,0.721389271300948,1.00292735988342
R2_left_right,2,source_single,18,2,1,5000,0.646105526187418,0.64721166587437,0.646535354797961,0.574932608397806,0.725940863855504,0.0384100740375151,0.570821781073889,0.721389271300948,1.00292735988342
R2_left_right,1,source_all,18,2,18,5000,0.390061273339656,0.394258989355605,0.391790518496303,0.309588964359824,0.500916632885278,0.0474337125593216,0.297091196723386,0.483031349955926,1.02897445871293
R2_left_right,2,source_all,18,2,18,5000,0.307965906475658,0.314352428492095,0.311566520573482,0.244313876955721,0.398868619966305,0.0381660970033362,0.233160356349119,0.382771456602197,1.03304328856043
R2_left_right,1,rotated_all,18,2,18,5000,0.355998297041164,0.359326119676885,0.356094720957296,0.257590549113019,0.483765979276245,0.0573945649889604,0.243504949662801,0.468491644419526,1.0052835809148
R2_left_right,2,rotated_all,18,2,18,5000,0.232300826091279,0.237118470363737,0.232937709730811,0.15884984021518,0.338678927448089,0.0441771828929274,0.145713547621141,0.318888104561416,1.03842672047331
R2_left_right,1,rotated_targetwise_plus_nuisance,18,2,3,5000,0.340032863004666,0.345173645874508,0.339226773576416,0.247426451565902,0.476650350278255,0.0573862564920173,0.227555800280312,0.45250992572902,1.01898063996439
R2_left_right,2,rotated_targetwise_plus_nuisance,18,2,3,5000,0.208019551454403,0.212429425150192,0.208058739283638,0.13978687883337,0.306629354610824,0.042294217501991,0.125122885150501,0.290916217758306,1.00632801785902
R2_left_right,1,target_direct,2,2,2,5000,0.367168743365822,0.370892129409929,0.365281825169825,0.259858334620288,0.511810627832788,0.0629050310427176,0.243874882522095,0.490462604209548,1.02175522563871
R2_left_right,2,target_direct,2,2,2,5000,0.198818848129204,0.204173512260243,0.199387873200042,0.130134637959602,0.305030429321181,0.0423116033617551,0.115888105540164,0.281749590718244,1.05446898159509
