dataset,target,specification,n_subjects,full_dimension,target_dimension,n_components,local_target_rank,local_nullity,target_information_rank,total_target_information_fraction,visible_direction_information_fraction,minimum_conditional_information_eigenvalue,group_target_mean,group_target_posterior_covariance,target_random_effects_covariance,generalized_information_eigenvalues,runtime_seconds,free_energy
FacesData,rOFA_to_rFFA_unfamiliar_immediate_minus_long,source_single,16,18,1,1,1,0,1,0.0427520105168223,0.0427520105168223,96.1232108574836,1.629262708,0.183087191,1.954337609,"0.04275201052",0.6010586,-106556.749133752
FacesData,rOFA_to_rFFA_unfamiliar_immediate_minus_long,source_all,16,18,1,18,1,17,1,0.0280192785141882,0.504347013255388,0.167935979399935,1.326127996,0.0544206098,0.1299156437,"0.5043470133,0,0,0,0,0,0,0,0,0,0,0,0,0,0,0,0,0",1.5391164,-106654.611324815
FacesData,rOFA_to_rFFA_unfamiliar_immediate_minus_long,rotated_all,16,18,1,18,1,17,1,0.0509056722291726,0.916302100125108,0.032275276769067,1.327155003,0.05446644959,0.1303553758,"0.9163021001,0,0,0,0,0,0,0,0,0,0,0,0,0,0,0,0,0",1.6852212,-106654.613732243
FacesData,rOFA_to_rFFA_unfamiliar_immediate_minus_long,rotated_targetwise_plus_nuisance,16,18,1,2,1,1,1,0.488316417951374,0.976632835902748,0.00868349419100864,1.454952697,0.0571663276,0.1328700013,"0.9766328359,0",0.3536768,-106559.425429676
FacesData,rOFA_to_rFFA_unfamiliar_immediate_minus_long,target_direct,16,1,1,1,1,0,1,1,1,0,1.420075889,0.05693654709,0.1321588143,"1",0.2242952,-106518.33388936
GeometryData,rOcc_to_rPar_regular_minus_random,source_single,20,12,1,1,1,0,1,0.0698305446683547,0.0698305446683547,33.5014713792642,0.2905290994,0.02933127606,0.2504133382,"0.06983054467",0.2974538,-65685.112177409
GeometryData,rOcc_to_rPar_regular_minus_random,source_all,20,12,1,12,1,11,1,0.0425686132153692,0.51082335858443,0.728713799555186,0.1958988218,0.0180714547,0.1047468133,"0.5108233586,0,0,0,0,0,0,0,0,0,0,0",0.7806054,-65705.4514107636
GeometryData,rOcc_to_rPar_regular_minus_random,rotated_all,20,12,1,12,1,11,1,0.0630590316359098,0.756708379630917,0.500551724875203,0.2134051348,0.02087208976,0.1417115869,"0.7567083796,0,0,0,0,0,0,0,0,0,0,0",0.9516909,-65704.7362898894
GeometryData,rOcc_to_rPar_regular_minus_random,rotated_targetwise_plus_nuisance,20,12,1,2,1,1,1,0.406738611155604,0.813477222311208,0.358958006562441,0.2343114282,0.02161376783,0.1415410247,"0.8134772223,0",0.3045159,-65693.333730317
GeometryData,rOcc_to_rPar_regular_minus_random,target_direct,20,1,1,1,1,0,1,1,1,0,0.2160442031,0.0239231106,0.1454019909,"1",0.1402293,-65691.8264878145
