relative_path,bytes,rows,sha256
data_s1/posterior_anchored_covariance_scale_sensitivity.csv,7643,48,02c7f942886c71183460686eb229e57e96ebdafcfd6fe71e8c6e8fcc5b7c1ea0
data_s1/posterior_anchored_main_grid.csv,15021,96,242cdf13e0e287b84cd0baa747bc0447d5b9e1c2ae50f712a8887511c7432961
data_s2/spm12_hyperparameter_calibration_summary.csv,15960,18,e8b713fd81e6fed20ddb3f9f96dedfbbb182a90872c2c9297c59033d94346c79
data_s2/spm12_information_audit_summary.csv,27849,30,53fce4c5f173cbe93ccb482e2eda34dc25113555f270759870d9fb7194de308b
data_s3/finger_full_data_averaged_posterior.json,9386,,0d2e4689b2eb92e31aac07990d223308c56265950980e5c8fdec6cddc031a560
data_s3/independent_prediction_summary.csv,3911,24,6d51cf7549498a14b288bd88d6c1a60e38534c11dd8802fe942122086f31a4f4
data_s3/nested_pairwise.csv,4086,56,b1a1e49b8fe43831f9be5af690d869a67924809566f43eee08a4a1a8a1df8c7e
data_s3/nested_pointwise.csv,111467,1216,17a9452b5089b09c5512f60a039082cce208b837a8d7b6b392b508ba720d18b0
data_s3/nested_summary.csv,2046,16,6d602308ac74e6d535b485ed0c33a8ce4646878d57331f4898dda0bd6e88ecda
data_s3/posterior_summary.csv,4538,30,5bf10a37682485f3571904c1349d3b5cf2fcd75e717baf2c10440d49d2dfd091
data_s3/stacking_weights.csv,837,8,5e84f2ebcdc6c9c6e8aa8f267a4bbe95c02ca29f711ca183b372a5879a65b125
data_s4/computational_provenance.md,3044,,085944a6c04685a0bc82c1257857d045ee7ce24305a10d9ef725fe152cebc013
data_s4/empirical_baseline_precision_long.csv,277204,1973,55dfd7c2c62288c25f4546a0a9dabe20ae985fbced11676469b0ca716f21bc0b
data_s4/empirical_fitted_target_projections.csv,4830,53,e217a00c73374cff68a104c3bd99b453ef1346acba0915925212a2a586a795b9
data_s4/empirical_parameter_ordering.csv,1215,48,41c92dc240bcc1cbe4209ab8db78d8bf8705099fe230f121bd66c005bbc394c6
data_s4/empirical_precision_components_long.csv,3058601,15773,4a4ea62e677725598c647d86c7b9c607cf0194cd8b7ac902f9995834855721bc
data_s4/empirical_target_information_audit_all_datasets.csv,8505,20,846e7d1a984c2a072d28a1d74ad1507e401859e9603b5d8c07e62a5ae0d8c1d4
data_s4/empirical_target_information_threshold_audit.csv,6631,20,2f70114523aaf0cf20d2274f864695a8c489d92dc6c411a4b4192c962c3f3c02
data_s4/empirical_target_matrices.csv,1144,19,dccf6e9b3a008001f6d46083b8626b7cb988513282df1cd78151c6bb2b200f0d
data_s4/finger_native_target_precision_posterior.csv,3369,15,002e7ff5d21b8473aeb22b1f18bfe71021b07fd670da5e1cfabc7381f01384c7
data_s4/secondary_empirical_native_target_information_audit.csv,2612,10,19cfeaa40a522b8be78323762b809c9e7e2e14dfc0ef5669437526146125a607
README.md,2421,,ec5ad5793932b7d2f715d2114f70eb30b581abecce54eb54c82dad89e70750c1
secondary_validation/matched_target_bmr.csv,7630,36,7c03365aa12bb250bd5b2985be101ea089d87fb28cfdd72899288eabc99e71d2
secondary_validation/r4_target_family.csv,13674,48,550b863f10335031191322462ed152c34876f31e7ace8b23948d3bee36a6bd80
secondary_validation/source_bmr_target_comparison.csv,4720,12,7822101f4ae652eb34870a64086e9a48bfd46da15e1bca116c14f04bc0d83388
